pub_id,title,doi,publication_year,openalex_url,"Findable (1, 0.5, 0)","Accessible (1, 0)","Interoperable (1, 0)","Reusable_ff (0.2, 0)","Reusable_coll (0.2, 0)","Reusable_process (0.2, 0)","Reusable_vars (0.2, 0)","License (0.2, 0)",total_score,Notes,
TLL4FA,"A new species of Sisyra Burmeister, 1839 (Neuroptera: Sisyridae) from Peru, with identification key to the Neotropical species of the genus",https://doi.org/10.1590/1806-9665-rbent-2022-0051,2022,https://openalex.org/W4312270662,0,0,0,0,0,0,0,0,0,"""The holotype was deposited at United State National Museum of Natural History (USNM), at Smithsonian Institution, Washington, D.C"";",
P1V2N5,"Effects of log booms on physical habitat, water quality, and benthic invertebrates in the lower Fraser River and estuary",https://doi.org/10.1139/cjfr-2023-0163,2024,https://openalex.org/W4400640979,0,0,0,0,0,0,0,0,0,,
YQOMDB,Quantifying impacts of recreation on elk (<i>Cervus canadensis</i>) using novel modeling approaches,https://doi.org/10.1002/ecs2.4873,2024,https://openalex.org/W4399828447,1,1,1,0.2,0.2,0.2,0.2,0.2,4,"Scripts are available on Zenodo, but Dryad deposit did a poor job of identifying this. ",
QQ86EY,"Overview of Brine-Hosted Lithium Mineral Resources, Distribution, and Genesis in the Western Canada Sedimentary Basin",https://doi.org/10.3749/2400035,2025,https://openalex.org/W4412735071,0,0,0,0,0,0,0,0,0,Environmental science,
TYO40B,Temporal and spatial evolution of bottom-water hypoxia in the St¬†Lawrence estuarine system,https://doi.org/10.5194/bg-20-839-2023,2023,https://openalex.org/W4321787630,0.5,0,0,0,0,0,0,0,0.5,Some data withheld,
A8AS63,Strong scale‚Äêdependent relationships between fine‚Äêroot function and soil properties uncovered with spatially coupled sampling,https://doi.org/10.1111/nph.70143,2025,https://openalex.org/W4409974870,1,1,1,0.2,0.2,0,0.2,0,3.6,,
BRJRAI,Modeling Mycorrhizal Carbon Costs in Temperate Forests: The Impacts of Functional Diversity and Global Change Factors,https://doi.org/10.1029/2025jg009198,2025,https://openalex.org/W4415313587,1,1,1,0.2,0.2,0,0,0.2,3.6,Scripts do not include gathering or processing of environmental data like soils,
QEJPFN,Plant-Pollinator Specialization: Origin and Measurement of Curvature,https://doi.org/10.1086/717677,2021,https://openalex.org/W3205813039,1,1,1,0.2,0.2,0.2,0.2,0.2,4,,
JWDP8N,Combining camera trap surveys and IUCN range maps to improve knowledge of species distributions,https://doi.org/10.1111/cobi.14221,2023,https://openalex.org/W4388499228,0.5,0,0,0,0,0,0,0,0.5,Only data for one analysis available,
3KDYC4,"The cold tolerance of the terrestrial slug, Ambigolimax valentianus",https://doi.org/10.1007/s00359-025-01730-z,2025,https://openalex.org/W4406274889,1,1,1,0.2,0,0.2,0.2,0,3.6,,
3M7H2G,No Effect of Realistic Concentrations of Polyester Microplastic Fibers on Freshwater Zooplankton Communities,https://doi.org/10.1002/etc.5797,2023,https://openalex.org/W4389140566,1,1,1,0.2,0,0,0.2,0.2,3.6,,
V5D7TV,Patterns of functional diversity along latitudinal gradients of species richness in eleven fish families,https://doi.org/10.1111/geb.13633,2023,https://openalex.org/W4319834864,1,0,0,0,0,0,0,0,1,images upon which all analyses are based were not made available programmatically (from FishBase),
A415C6,Game over for gamefishes after zebra and quagga mussel invasion: not in prairie lakes?,https://doi.org/10.1139/cjfas-2025-0028,2025,https://openalex.org/W4417408600,0,0,0,0,0,0,0,0,0,,
AKWYAK,"Weather and catchment morphology drive thermal regime variation among subarctic ponds, and possible effects on resident Arctic charr",https://doi.org/10.1007/s10452-026-10269-3,2026,https://openalex.org/W7135049694,1,1,1,0.2,0,0.2,0,0.2,3.6,,
NQTETG,The fitness landscape of a community of Darwin‚Äôs finches,https://doi.org/10.1093/evolut/qpad160,2023,https://openalex.org/W4386466865,1,1,1,0.2,0.2,0.2,0,0.2,3.8,data dictionary missing (only partly explained),
K7BFTR,Species Loss Scenarios Identify Canada's Northern Ecosystems as Disproportionately Vulnerable,https://doi.org/10.1111/jbi.70139,2026,https://openalex.org/W7123352686,1,0,0,0,0,0,0,0,1,"no original/raw data provided, only derived data",
QOUIZX,Interannual climatic sensitivity of surface energy flux densities and evapotranspiration in a disturbed and rewetted ombrotrophic bog,https://doi.org/10.1016/j.agrformet.2025.110501,2025,https://openalex.org/W4408853494,1,0,0,0,0,0,0,0,1,,
3ZAMR4,A basic community dynamics experiment: Disentangling deterministic and stochastic processes in structuring ecological communities,https://doi.org/10.1002/ece3.9568,2022,https://openalex.org/W4310672748,1,1,1,0.2,0.2,0.2,0,0.2,3.8,"experiment data, so no scripting required?",
2OLAHP,"Experimentally derived trophic enrichment and discrimination factors for Chinook salmon, <scp> <i>Oncorhynchus tshawytscha</i> </scp>",https://doi.org/10.1002/rcm.9092,2021,https://openalex.org/W3144995884,1,1,0,0,0,0,0,0,2,data only in Word doc,
7XDQWL,Individual Prey Specialization Drives PCBs in Icelandic Killer Whales,https://doi.org/10.1021/acs.est.0c08563,2021,https://openalex.org/W3137757793,0.5,1,0,0,0.2,0,0.2,0,1.9,data only in PDF,
W7GLF6,Estimating abundance of Eastern Canada-West Greenland bowhead whales using genetic mark-recapture analyses,https://doi.org/10.1016/j.gecco.2023.e02524,2023,https://openalex.org/W4378189281,1,0,0,0,0,0,0,0,1,,
GFVZEA,Modelling growing season carbon fluxes at a low-center polygon ecosystem in the Mackenzie River Delta,https://doi.org/10.1139/as-2022-0033,2023,https://openalex.org/W4377087162,0,0,0,0,0,0,0,0,0,,
XMPVDB,Investigating properties of sweet cherry (<i>Prunus avium</i>) flower buds that help promote freezing avoidance by supercooling,https://doi.org/10.1111/plb.13697,2024,https://openalex.org/W4401783365,1,1,1,0.2,0,0,0,0,3.2,,
FO2DED,Functional characteristics of zooplankton bioregions along the cross-shelf gradient,https://doi.org/10.1016/j.pocean.2025.103559,2025,https://openalex.org/W4413449454,1,0,0,0,0,0,0,0,1,raw data not actually available (including the DFO zooplankton database!),"0 for F, but score regularly downstream"
LXXDPU,Movement ecology of endangered caribou during a <scp>COVID</scp>‚Äê19 mediated pause in winter recreation,https://doi.org/10.1111/acv.12912,2023,https://openalex.org/W4387895246,1,1,1,0.2,0,0,0,0.2,3.4,license is on GitHub repo,
F75IPQ,Summer distribution and habitat preference of beluga whale social groups in the Eastern Beaufort Sea,https://doi.org/10.1139/as-2022-0035,2023,https://openalex.org/W4322622986,0,0,0,0,0,0,0,0,0,,
MJCM5M,Genomic divergence and introgression between cryptic species of a widespread North American songbird,https://doi.org/10.1111/mec.17169,2023,https://openalex.org/W4388232027,1,1,0,0,0,0.2,0,0,2.2,only data on Dryad is licenced,
XPEDN0,Seasonal dynamics and optimal diagnostics of<i>Grapevine red blotch virus</i>in a British Columbian vineyard,https://doi.org/10.1080/07060661.2021.1993346,2021,https://openalex.org/W3205334821,0,0,0,0,0,0,0,0,0,,
7SBGWB,Legacy persistent organic pollutants among multiple cetacean species in the Northwest Atlantic,https://doi.org/10.1016/j.scitotenv.2024.176746,2024,https://openalex.org/W4403165729,1,0,0,0,0,0,0,0,1,,
AJCITV,"Quantifying throughfall, stemflow and interception loss in five vegetation communities in a maritime raised bog",https://doi.org/10.1016/j.agrformet.2022.109202,2022,https://openalex.org/W4307029833,1,0,0,0,0,0,0,0,1,,
0FWV9J,Kleptoparasites of social spider colonies do not track hosts' subdivided population structure,https://doi.org/10.1111/mec.16718,2022,https://openalex.org/W4302424781,1,1,1,0.2,0,0.2,0,1,4.4,units / data types missing in data dictionary,
A4ZMZ1,Nomadic breeders Snowy Owls (<i>Bubo scandiacus</i>) do not use stopovers to sample the summer environment,https://doi.org/10.1111/ibi.12950,2021,https://openalex.org/W3136340045,1,0,0,0,0,0,0,0,1,,
VBVXBA,"Intertidal beach habitat suitability model for Pacific sand lance (<i>Ammodytes personatus</i>) in the Salish Sea, Canada",https://doi.org/10.1139/cjfas-2021-0335,2022,https://openalex.org/W4281254065,0,0,0,0,0,0,0,0,0,,
R0VDLY,Ecological and environmental context shape the differential effects of a facilitator in its native and invaded ranges,https://doi.org/10.1002/ecy.3478,2021,https://openalex.org/W3179826834,1,1,1,0.2,0.2,0.2,0.2,0.2,4,,
Y6WJ1C,Using accelerometry tags to quantify gray whale foraging behavior,https://doi.org/10.1111/mms.13210,2024,https://openalex.org/W4404872509,0,0,0,0,0,0,0,0,0,,
BHIRGB,Crowd-sourced observations of a polyphagous moth reveal evidence of allochronic speciation varying along a latitudinal gradient,https://doi.org/10.1371/journal.pone.0288415,2023,https://openalex.org/W4384161835,1,1,1,0.2,0,0,0,0,3.2,"OSF does not provide link to Github, but was able access data and files via OSF github. No data dictionary",
JH6EM1,Spatio-temporal patterns in coral reef composition and function across an altered environmental gradient: A 15-year study in the Caribbean,https://doi.org/10.3389/fmars.2022.977551,2023,https://openalex.org/W4313584893,1,1,1,0.2,0,0,0,0,3.2,,
V0W1WV,Impact of water stress on &lt;i&gt;Phaeomoniella chlamydospora&lt;/i&gt; abundance and Petri disease symptom development in young grapevines,https://doi.org/10.20870/oeno-one.2025.59.1.8317,2025,https://openalex.org/W4406034533,0,0,0,0,0,0,0,0,0,,
J0CGOY,Epibiont communities on mussels in relation to parasitism and location in the rocky intertidal zone,https://doi.org/10.1093/femsec/fiae101,2024,https://openalex.org/W4401557023,0,0,0,0,0,0,0,0,0,,
HV8US8,Hyperabundant black-tailed deer impact endangered Garry oak ecosystem floral and bumblebee communities,https://doi.org/10.1016/j.gecco.2022.e02237,2022,https://openalex.org/W4286675749,0,0,0,0,0,0,0,0,0,,
,,,,,,,,,,,,,,,
,,,,,,,,,,,,,,,
,,,,,,,,,,,,,,,
,,,,,,,,,,,,,,,
,,,,,,,,,,,,,,,
,,,,,,,,,,,,,,,
,,,,,,,,,,,,,,,
,,,,,,,,,,,,,,,
,,,,,,,,,,,,,,,